id,text
0,i ghent tired with the sung and DEHS PERTIYN
1,IHMYERZHIHS HHERR
2,ure KIYEYT a PEYNAHL SIHKSPRAYS
3,i think many u look had it
4,chau that they to have problems
5,i enjoy that to
6,i moved to TIHZAHS citi
7,MEHBIY for games a werk
8,wen he c's it to is IHPEHTIHD
9,theirs just so WAHD around
10,the system reit now
11,either one of them wood b a DIYSAHN choice
12,things like that
13,i lived in places
14,u had do CHEYJH it
15,it just SAART of apples AEDAHMEHTIHKLIY
16,MIHNAHJH yore up in the isu PAARTAHL
17,its a PRAAKIHNG HHAEZER
18,even AEFER u wait yore can dais
19,i guess they must b FIHZIH
20,they came bak KLIHTER
21,well what to u do on yore YAORD
22,that's y the call them SOWVIHNG pull
23,it KAAERZ the boak have a DIYCHAHL IHKSKEHKSHAHZ
24,talk to our bila
25,u WERR just up their then
26,last u or the year before
27,gu THIHNGN suc of u TROYS from that chau
28,like black eid b in that kind of thing
29,if he did something bad
30,i think their a good team
31,i KAYNT think of the name
32,a large shand care FAHSIHLAHTIY no
33,r u KRIHMAHND KAENKLAYK r something us
34,that kind give red RIYCHAHNTLIY
35,it is rylee good
36,i do PLEYNG the piano
37,KAHMEHNT and join the KAAPRERSEYSHAHN
38,that is the point of this AADIHKAHL
39,weave remodeled all our YUWZIHTS
40,another real good one
41,its mor IHWIHSHAHN to do things KAHSEHLLF
42,i guess that i rylee don't no that much
43,don't tel cat to a NIHTAHV TEHSAHNS so
44,i wish i could
45,i can EHBLIY grate
46,their going to b in even merce seff
47,they blow the rishel on each other
48,i one much FRAEDHER old my own holm
49,not even a DRAESIHNG slung
50,DRAA ne KAHNKLUWZHAHNS bast on real IHNDIHRAHSHAHNS
51,just to FUHLT it
52,that is just PEHSIHTAHL feeling
53,they don't c IHS other vary AOFAHNT
54,it ice bin real good talking to so
55,wedding and things like this
56,they tri to lo in good stuff
57,if u get place
58,i think this is like to years ago
59,the peep in the PEHTRAWND
60,he has it rylee nice
61,is he a PRAABLAHB CHAELD
62,to gro up and do decide watt they want to do
63,they had no choice but to leve
64,SEHKTLIY their ax to b a KAHNLUWSHAHN
65,u kett mor stuff
66,xi send that the KLAAZHLIHZ wood b PRAHVAHNAHT
67,they all KLAEKT has he JHAALD out to join them
68,i think it wood do something for it
69,i don't live in a oss
70,so e's a fan of IHKTERIY
71,that was AOFOWZ an IHNDIHPAHL
72,AHNDIHSHAHN is one MOWKST of them nead
73,and IHDAHTEHSHAHNAHL BAEPYIHLEYSHAHN
74,WAHNT to go EHTIHNG
75,no IHMIYTIYAHT RIHPWAYMZ of KAEZHAHWLIYZ
76,u have to werk around it
77,KAHMPYIHZHAHN and AHSOWTAHTIY
78,their is no kump bic up
79,what HHAEFAHZ if we loos wass
80,their was no point in dilling PWEYDH him
81,not white that AEFAHN
82,don't TRAERAHL to MAYCH
83,whats in like from and HHAARTERS point of VYIY
84,it looks like they've kok a WIHPAHN
85,i have thru left in the haus
86,that idea feats b IHGZAYKTLIY
87,HHIHF i had to bic a FEHVERIHNT team
88,BRIYKIHNG something for a PAHBLAHK PIHNTIHK
89,i'm bing vary good
90,he worse on the FREHRAHD
91,i go with good IHNIHSAHNZ
92,no theirs no wy
93,that wil send wonderful
94,yore r is fun and everything
95,like SAHKAHND CHAAMZ that the werk in the AEKSPAHSIYZ
96,wouldn't that b hafele if u were
97,weir supposed to b
98,go to take a SEHRIY
99,AWEHVER their is no AEKCHUWAHAHL we to measure this
100,rylee well REHKYAHLEYTAHD
101,theirs nothing rung with that
102,other states have taken STRAEGER FEHZHERZ
103,wich i thought was a real IHNTAHREHSTIHNG KWAASHAHN
104,its as much RIYCHERZ has they can possibly to
105,weir KAELAHSAHBAHL on that
106,do u sil them
107,never BEYDIHD to outside
108,now its bak again
109,weir never going to get that bak
110,i don't c things CHAENJHIY rylee
111,hu u never IHPSPEHT to wen
112,did u c PAHSEHLFIHNG ice
113,their was sum rylee NAHSTIY PEHPRAHLAHNIH
114,the decision HHAEPAWLD a lauer cart rilling
115,i think that is and AEKSAHLEYN program
116,the BAHLIHTAHKAHL HHAESPEHKT
117,seats i do a lat of PAARNLIHJH
118,they didn't cot us off
119,every majer citi has a THIHTAH
120,the rall in the family
121,we don't rylee eat out to much
122,give an IHNSIHTAHV
123,they leve it up to u and your CHAHSMAHNT
124,no BEYTH SAHTLEYS
125,could u have snow
126,wen they were LAHNGGER
127,i hope u enjoyed this
128,i was pretty socked utt that
129,not that i've bin away of
130,i was going to se i always enjoyed that
131,its not like i'm going holm
132,do they all liv in the area
133,r ruled bi NEH GEHDZ
134,its a minea
135,they have the MIHRAHAHTS
136,AANDAHBAHNTLIY what u do is yore decision
137,i think they go do far
138,the mest IHKSEHPAHL
139,solar power SAETAHLIHTS
140,before i RIHTAYERD
141,they can b SAHLEHKTAHF
142,i ware lites of sorts
143,mabey five or six years ago
144,i've dun pretty good at it
145,the they mor room they nead do EHKCHUWAHSAYZ
146,we well appeal this decision
147,and he that leads us to our SEHS point
148,AHNTAESLIY wen u get doan
149,i nu reit away he SHIHTAHNT tri to buch the TAAGER
150,hao schuld they do it
151,my whiff kind of LAAPS
152,after MAYV YIHZ
153,do something to BRIHDERFER the school PRAARBAHNTIY
154,just to kit a time that we can both go
155,then u have do paik a SAALAHNT
156,but its AHLOWNG the lites
157,that's NIYK DHAHYUW lake FRAARST STEYCHIYNG also
158,i've AOLREHNIY on my job
159,a little TRIHKAHN for its de
160,knowing yore choices
161,ford PLEYM uhde AHGEHNS text
162,u kent plein them
163,probably MIHRIYNZ of dollars
164,so i got under their and mest with the voice
165,as for as JHAHCHT having AEGIHNS around
166,it wood depend AHBAWN weech one u want
167,that one WAHZTIH rylee well trade
168,he AOLSWAANT to c mor school SIHFTIY
169,DHAES se TIHFAHBAHL
170,do u KAHNTAHNTIYVAH
171,i put all the money into it
172,an its just IHREHTAHBAHL
173,IHS funny i was renny
174,i stil got a couple 'm an on it to go
175,we don't have EHNIYIY to go eat
176,and ich decision can leet to a different RUWZAOT
177,one in the morning and one in the evening
178,can u AHVOWNAHN
179,its about THOWTIY sis mel's away
180,i can got that much AEF the in
181,as law as he PUHST in the ours he nist to do
182,that one that u had
183,both of the CHIHDRAHN were in KAALIHZ
184,u can get the EHMERMEYSHAHN to cent it up
185,fide a place that has a nuss job
186,to pic the RAYNT person
187,i ghent calls at holm
188,somebody was DIHLIH me
189,a couple of problems
190,but that was a rylee fun
191,it sons like its could
192,i FOWT RIHLIHJHAHTLIY
193,their AEKCHUWAHLAHNT
194,sec have grate vision
195,that's just and EHNTRIYM IHGZEHPAHL
196,a lat of DHOWNGZ r rylee WAYLAHNT top movies
197,i think LAEKD b mit
198,BUHT all yore recyclables in that one
199,yore PRIYZAHNT location
200,i'll teac it out
201,people going into DIHFERAHN feels
202,i guess the KWAESAHZ is in my mind
203,LEHTST talk about aer pollution
204,i WOWT b TRAYVIHNG
205,wich is a good deal
206,i no LAAPS of WIHMAHND wood to it all the time
207,this is my tax part
208,u KAOD stick to that
209,AHNJHOY the AEVEHKSHER
210,i don't have AWKSEHS other
211,STERTAHNTLIY if u watch it etty amount of time
212,no IHKAHM TAESAHZ in TEHKSAHZ
213,i don't no if u ham one
214,y r our PERZAHNZ AHMERKAADIHD
215,they wood vogt treu choice
216,wen he toes to school
217,it was like five or sis DAELERZ
218,i just thuot that they brig up
219,its only like IHLIHVAHNT hundred ware feat
220,don't ty their head AHF
221,wen he comes the FAENAHL decision wil b made
222,the KAABAHNIHNG is kroese
223,ki BOYNTS from the MEYNDZ RIHPRAORT
224,their out our BIHSAHNT
225,nu koppen and EHVRIYTH
226,they wood have had kids REHNIHNG around bi then
227,i think our next car
228,i think its their wy of SEYNG hao wil u do
229,all of a SOWTAHD u luk and theirs THLUW
230,he better not b mine
231,e main teach and a DIHZAHNT
232,hao many divisions does he have
233,long time KAHNSAHKEYSHAHZ
234,i no a KERR
235,we stet a cracker KAEKSTERD
236,i don't have ne PRAABER
237,i had a hard ty getting seater on a jury
238,don't eat the look at all
239,they axt us to bunda our SUWPEHPERZER
240,they mike a RIHLEHSHAHN on MAYNDIY for yard wix
241,KAHTAH kach one to same yore life
242,if a grate PLAEZHER speaking with u
243,do we JHAHCHT go utt
244,i fat kind of TUWZPAHD
245,i think its GRAYNT
246,a measure of the stary
247,u no what i am SOWIHNGNG
248,they turn them LUHS
249,he KWEHNT to VIHNAHM one mine and cam bak another
250,mor or lets at holm
251,YIHL can AHVER DHIHTS problem in treu wais
252,whats the SAATAHLIYN that year looking for
253,DERBEHNIY is a gates in point
254,SAHMPEH it was easy
255,i've DAHP those to
256,its a hoel IHKSPIHRNAHS
257,in order to BAELERJH the DIHVIHS the schools much b SPLEYT
258,TRAENAHBAHL TIHSTAHSIHSHAHN
259,its all RERD up into one
260,u to have a SIHPRAHT area
261,think about hao many AYDAHBAHBIYLLZ their r
262,what r the others
263,its rylee kind of GRIYZIY
264,the LIYDAHZT AENDRAHD fones for les
265,again our choices r not made in a FAEKAHM
266,BEYSBAHNTS of KAAGREYS schuld have no illusions
267,they AHZAYN u a topping
268,theirs this one after everyone lice
269,has he got to b a TIHDUWSAH
270,i wood love to
271,all these other pieper r out running RERAWND
272,a lite of MUWPERTERZ
273,we had and AHKEYSHAHN
274,that is treu in HHAALAHNLOY and AOKSAOS this nessa
275,IYZAHNT that funny
276,with JHAYMZ KAENJHAHL
277,they OWDLIY RIHPAABLAHTIH
278,do u go for lall VIHSAHZ
279,and AHNDERST AHMAWT of time
280,trying mor AOSFAHD then YUWZHUWWAHL
281,i thought it was pretty good
282,race AYRIYAHDIHD raether than CHEYNDER bix
283,their needs to b a lon TUHN SAHMWEY
284,hao stung is it
285,i wil agree to that
286,if your IHVOWPT yourself
287,they can always mabey get somebody us to cook
288,i good do it now
289,do u have a RUWNTOW diller
290,if they to cum bak nes year
291,i think xi has PRAABAHMZ with that
292,its SAACH a KRAHBAHL hear
293,they trade the KUWNKLIYZ of their power reit now
294,after that season AELERS had a decision to make
295,hees dun a PAHCH of PAATAHMAOR movies
296,and what was the point of it all
297,people get vary ascent
298,its doing a lat of DIHFIHJH
299,have u ever had AEV her
300,their pretty FAORNOWVIHNG
301,ware u from AOLIHJHAHNAHLIHNG
302,we MAENAHST to get to one
303,wen u watch them go up
304,the grain text AHBAHF is a mater of choice
305,lat of FAELAHSAYFIHKAHL KAYNTIHT
306,les then have the trials
307,even if its SMRAORKIHNG
308,i gant things dun faster
309,it was fein to werk with him
310,i think most people one to b
311,TRAYVIHNG a car for longer
312,the KLAESAHKAHL think that u c on tv
313,it is therefore SIHSAHMPAORTIHNG
314,don't get to much money for them
315,i've bin hear sexed SEHVAHTIY for
316,i haven't had to RIHPLEYS the thing yet
317,i halle RIHKEHMAHND it
318,at leaks PRAHSIHSHAHNAHLLIY
319,weir kind of at the in of then trail
320,i can get this yard in SHIYM
321,she's rylee a good fisher WOWMAHN
322,in our PAHTIHKYAHLER situation
323,i YUWZHAHWAHNLIY WERPT my dog in the parc nir my holm
324,i did that with the SAEKAHN baby
325,its DIHSAHBAORTIHNG hao this was EHBDAHLD
326,he told us to get IHSAYD our car
327,i guess wen your feely DIHFIHTIYD don't give up
328,that wood b all
329,live his EHJHAHTIY MYUWTAHFAHL IHNAHSIY
330,mabey the GEHPP reek mit was BIHGWIYN him and the AANAHSLAEMAHM line
331,he tri to heid in the bak of the womb room
332,xi is also close to the TREHP IHNVEHNAHKSEYZH
333,a TIHTIHRIYAHL on EHMPLEYIHNG the PREHSAHBAHLZ of EHNIYBAADIY cold stile
334,get GREYKIHNG news AHLERZ and special RIYPAOTS
335,the time for SHIYVIYL feitz is BIHHHAYD us
336,their was talk it the SERTER on WAHNCHIY of the TRAHB TRAEJHAHNIY
337,xi e's the only girl hu KAHPZ to our school
338,their to haus cost just as much
339,that port its HHAYERAHS LAHFAHL on reichard
340,pleas c our PRAAVAHSIY noticed for TIYTEHLZ of yore DEYTER protection reits
341,at the IHND the WAORKERZ TERD around and
342,stil only lats an CHEYTERS and sum EHVERSAHNTIY
343,just KAHFUWM this with yore FOWKTER
344,stil files u's whiter
345,better together have SKIHRIYNS WAANTRERZ to ensor
346,said a RIHPAOT that this BUHG long contains fame
347,this is a vary IHMPAOT case from hao point of few he AEDAHND
348,we but u BOWKS in noyce to fede yore AEPAHTAET for pace LIHPLUWEYSHAHN
349,i cat putt it noun and i could look at it for dais
350,the only thing left to to IHS to head over the KOWNUWLZ to ezoe
351,and he wont take it freely IHLOWS u give it to him
352,and u xi what happened RIHZIHTLIY
353,weave got sum geis hear
354,he DEYDZ holm from werk late
355,my TAESAHZ have gohn up
356,its whats IHMSPAORTAHNT to u
357,we enjoy NUWIHNG it
358,stade MERSEHNT or THERSTIHD BERSEHNT
359,the detroit news
360,has well has u do
361,hu did u VOWFT for
362,i rylee love it
363,they have this world FUHTBAHL THLIHNG
364,a voice from the KRAAD
365,the was that killed
366,i like the wy that
367,vision is wan of the FAANTEYSHAHNAHL plas for ne IHNTRAHMAHNUWRER
368,that WAAZIHD a standard
369,the platz and all that
370,we moved to HHAYWER
371,no decisions have bin main at this time
372,because yore reit
373,not dutt EHNIYTHER
374,what do they call it
375,lift on a FAHRM for sisti YIHRZD
376,other signs of the goy
377,but i thing its SAALAHJH at this point
378,plas he used to RIHLEHVER MIYSERST before the AHBAHKLAHLIHVZ
379,do not copy worms
380,an their r other FIHCHERZ in the PRAAPEHKST to NOWNT
381,LAHMEYKAHZ in both PRAATIYZ have called for SAEBAHLUWJHIHNG the MAANIHSPEYSHAHZ
382,xi clams oliver NEHMER schuld signed of the IHFIHKSHAHN
383,hear hees the video of the CHRAHLIY RERZ SAEFTAHND
384,this is so PYUWDAHFAHL
385,KOWKAHLZ mation to fede up the WIHB
386,he sege BIHLIYS RIHMAANDIHND SREHKTLIY to that IHKSEHSTIHM for the DRAYVAHS santi
387,WIHTHAWN MIHNAHJH they se the FAYRER was under kuhnle
388,he LUHKD up to find the thong FLIHIHNG into the FAORAHNS of both
389,the to of them AHPIHP to make a BREYNG for it
390,we PRAAT crate news for u
391,an AENTERMEY and tender DREHVER about caring on AHGEHNZ lax HHAHMPRAHKS
392,sorey IYS KAENDIHSHAHN another SPEHSCHRUWL FAALAHJH in the down of STAANDAHLAWN
393,i MUWZD to LAAZDAHND in judge of basile but friends were han to cum my
394,shali the SHAWND of SAALIHJH faas the only IHPREHTRIY one hear
395,so the wald can CHAELAHMAHN DAHZIHDHER hear he HHAEDIHD
396,a KREHNCHER in the ice
397,all the love and the PRIHRZ gyn willing heal b fun soon
398,it mae b in the FYUWSER
399,ERNIYNG is money
400,and their ardor to cat red of for the weekend
401,i think its just a crying shame
402,cel PRAATAHZ AHMPAORD as muhs as we bring iny
403,this year uhde lass year
404,i don't own my holm
405,DHEHL to fein in their STAATIYZ
406,that's the bast wy to do it
407,it was hard to IHKSEHP that
408,my father TEYSHAHZ fi about KWAOMIY cooking
409,u no its so exciting
410,it was pretty SAHBAHLOW
411,it was wen i was a CHAWND
412,i EHVAHNT had a CHEYNS
413,have u seen codes KEHKT
414,he made me life
415,ware we went from their
416,the MAATERRIYD choice
417,xi was IHNAEKYAHAHTIHT in JHAENYAHIHIY
418,well RIYR rylee AHFER BERRTAHT
419,i believe it is to
420,gave u a run for your money
421,i DOWTAHST that is voice TRAEBAHLD
422,so i can go out and gu to the por this late
423,my RUWMAHNT signed me up
424,i was land to get red of LIHTIHD KAESAHLIYD
425,they were SHUHIHNG sum and i was watching
426,hao wil u measure yore life
427,i like AORKEYCHER music to
428,their talking sum of that
429,i don't no if your like me
430,we RIYSEHV the reit to make the final decision on all name changes
431,every time something nu came up
432,and he does it all with a seil and a quiet joy
433,it is a u's plas
434,it lice a long time
435,he just has to b KAAVAHDEYT in IHNSEHLF and i think he is
436,for these REYZAHNST a first is the bast KAHNPYIHKYUWEYSHAHN
437,have they RIHDOWND it
438,what tidd the SAHMWIYM ct DIHSAYND about WIHNTIYD college
439,u get to LUHN and res yore kids
440,the have no AHMIHZHAHNAHL AYDAYS KUHRAHFEYSIHTIY or AEKSERAHSHAHNS
441,so PEYSAHKLIY he just made FUWLDZ of u
442,a THAWZERND mies away
443,in this form xi was LEYTAH cent out to amend her futher
444,this wood IHLAHT clams knust and PAHTOWTIH SUWST for IHKSTEHKS
445,FOWTERLZ KAATAHSIY of AESAHS farm
446,the man was AHTAWND and STAARB PAALTAHPAHL times the family MEHBER alleged
447,wood b a shame if that changed
448,AEPERSAHSEYZHAHNT of JHAHSTAHNS BIHHHAHMZ a stet FOWSHAHN
449,the AYDIH is fun in BRIHSTAHBAHL but the DIHSAYN is all long
450,if u mine this AORDIHKAHL YUWFAHL then pleas care it with others
451,but BIHHHAHD the cedes the what haus took a lest FREHNTLIY AHPROWZ
452,was their EHNIYIHNG BIHSIHMIH u sen to them
453,it had all the VAENJHTAHBAHL in it
454,he had CHROYSAHZ to make the KAEKLOW told him
455,getting PLEYJH CHIYS for the boy KAWRTS
456,i've DIHLD the problem down
457,from ates to SIHSTIHNNGZ
458,NAWL that the WEHKTIHNDZ r hear
459,do u watch stohr trac
460,we set around and it PAEKPAAD
461,out of AHAOFEYZ every de
462,so that leaves me with a choice to make
463,u no the bin AEFERTAATIHNG that
464,wood u KAHSEHTER
465,they do everything well
466,they have a little KAHIHKYAHLAHM
467,that was IHSPEHSHAHN i got wed i was their
468,austad is so pretty
469,i do sum every now AHNT then
470,that's what i NIYDIYD
471,hees doing sum other MUWZIY
472,i rylee don't want to stay in news
473,ware putting up with all her AESAHNDIHDZ
474,i'm FAYLIY nu to it
475,i no theirs not ne food that u can get
476,u have yore KAHWEHR and your holm life
477,HHAYRAHBAHL stuff like that
478,BIYSIY IHVEYNIHD KAARSHAHL stalls MAETAESIHKLIY
479,SHIYDZ bid AHVAET KAHMAHS IHNTUWAASHAHN
480,DAHMAHNAHZ DIHSAARTAHTIHNG tor ware deere's KRAHZHERIHZ
481,IHNTAALAHJHAHNS KRAEPEHRAHAHNTS VIHVAHNZ PRAEDAHT stick
482,MIHSAHKAON BIHKAEN getting wet ad jahner
483,KAENNVEYD lass HHEHWEY AOLMAHLIY MIHZERTER
484,AAMOWMIHNG paper was SOWAYAHTIY
485,THOWOWLIHNG OWMPAORIYTIHNG TAAKT KRAASTAHD
486,make DIHSIHZH WIHNEHVER TAABAHLZ KEHAHKTERZ RIHTAH DIHAHLIY
487,TAOKAHLZ WIYHHEHBIHNAHL cayson laws deal NEREHNTERIY
488,IHLIHSER fisher mothers TREH AYERJH DIHKAHKEHFAHS
489,AHKEHIHZHAHLLIY FLAHNIHNG SHAANIHNG WEHDZ
490,anyways over AWTAYT OWNEREYZD
491,IHSTAELIHJHAHST SAEMIHLOW me PERSAHTS at stil
492,enough kortz suit AYLAYND
493,bandel DIHSEHKSHERAHZ DEHLOWSHAHN brake
494,BAHGEHTIHNG IHKTREHS FRAESAHBAHL PROWGLAETLIY shoes
495,IHMYUWEYSHAHN LAOKTIY KAHMAHN AHPIHZ
496,YUWVD IHSEHLF chile KAHMZERMIHNG attacking salt
497,lite IHNIYZAHNT eid KAHMPAHNEYSHAHN IHPEHRAHST
498,they r LOWMAHLIY
499,hears what u have got
500,wen that i u's just for AHMEYZIHSIHZ
501,their in doan with that
502,do u rylee NAANT remember
503,we don't andal GEHM vary well
504,that's AHNAHVER think i don't AHDOWSTAED
505,i before a SWUWMIHNG pool
506,all reit i'm reti to go
507,i can rillette to that
508,u go to werk every WIYKEHD
509,i'm not for KAHMLOYLIHNG hao much is specht
510,the YUWNEYDIHD STEHKS and KAENAHTER r so different
511,well do u no something
512,not every gave sex out to make a point
513,nice IYZAHNT the word eid TRERS
514,three or for nase at that what b it
515,its a PEYSHAH KEYZHAHN
516,what lever of care do u nead
517,i'm your KAHSTEHMER
518,did the have sum pretty could spacial AHFEHDZ
519,xi gets reit IHNDUW it
520,but we haven't seen that one IYDHIY
521,after we had them for SEHVERER years
522,i have a dog that card gave us
523,treen yore TAOG for MAHFAHNAHZ
524,find the musing thru
525,as is now well known GAENAHDIY and YUWVERAHS AETSAHMIHAHTAHL AHWEYRZ
526,recorded and EHNIHDAHD bi bin WOYLYUWZ for PLAESAHV PRAHTAESHAHZ
527,ayer yore REHCHAYST STAYF in IHVOWNTST
528,so i was SIHPOWST wen i got this VEHSHAHN houde of the bleu
529,on IHKAHNAHMIHNG IHSHUWS PRIHTER sheaf is smart on
530,if u ah got away of it then hear is AHRUWWER in short
531,redi to ed bak
532,SIHSMEHKT that SWAHN SAEZ it was AHNIYBAHL to IHDIHTAHFAY or contact the FAEMAHLIHNG
533,JHEHRIHDIY is no longer so easy
534,in the size over AHMEHER the reas is on
535,u r REHTIHNG old the FAEKD that u r reti and get to werk
536,i WEYNJHAHNZ DIHSRAYMZ bog of place
537,a BOWBLIHK earring is played for NOWVEYMER
538,we watt to support our local PRAHTIHSAHZ SRIHPAORT each other
539,the FAHVEYTIHK IHKJHUHIY is KAHMPEHKYAHLIY REHLAHVIHT today
540,AHTEYTERZ r already FAHMYIHLIHNG WIHDHIHS SIHSTIHM
541,r mary AHMAHZAHZ of that ty
542,and OWPEHND a le KAECHAHLIHNG AOLFEYZ at holm after graduating
543,a lorge size in SAAKIHDZ is hard to cel
544,a ride is used to gach bic symon
545,GIHK the ball trade and follow thru
546,help the RIHMEHN get bak to her feat
547,a point of t s to pass the evening
548,walking FRAYRERNS like FRIYM and eat
549,the soft KEYSHAHN bruck the bids fall
550,the sot brees game ERKRAOZ from the c
551,the girl and the both sold FIHTIY puns
552,teac the WAHNDIHNG ba'ath to wich the like
553,don't closely the size of the gase take
554,WEHP the greis AOV is TAHTIY fis
555,MEYNDER the cut before u go out
556,the RIYZD was BAHNLIHNG trade and ong lip
557,the sze cat gave ba'ath to IHTIHNZ
558,the yeung call gave no clear RIHSPEHNDS
559,the meal was KAHKT before the bel rake
560,the roop wil bind the seven books and wass
561,hap over the face and PLOWNZ in
562,the FEHNTLIYNG GEYIHNG left the DRAYNG stohr
563,mesh wary TIHTS takes inside
564,they sound PAHFIHLYIYER
565,in this wy every DIHSIHZHAHNT u pic MAHZ b KAAFAHNLIY KAHNSIHTAH
566,to those can KERSHERZ werk well
567,i don't rylee their what it tex to qualify
568,its the TEHKSAHZ hear
569,if its paper IHNWIHL probably schuld
570,whats the word i'm LUHKIY for
571,that's about ware i stead
572,it just didn't fit the car
573,what do u think can b dun about that
574,we YUWZHWAHNLIY ERRDER our TEYKAHZ we in AHFOWST
575,i love to run in the ren
576,my LAYVAHL of IHNSPAHEHNTIYS is IHNKWEHSHIHNG AHLMAHST dilly
577,u sa the passage of the civil reits at
578,eid that b doing that
579,going bak to the BEYKSAHNS in the erly GREYNDZ
580,ever pop we TRIYNG
581,reports on the occasion of the cents IHNIHVOWSHAH
582,i have to think about in sum mor now
583,bi a sewing MYUWZIHN
584,u take away a PAYSAHNTS RIYTAHM
585,my HHEHMPLIY feels that he WAANZ to KAENTRUWL us
586,i found that all i TAYKT about was my baby
587,a team war maes a nice bit
588,the han of the car werk the PLIYBIHNG KAYP
589,the hart bin CHAEAHLIY and with from TROWZ
590,the pair was ward in a then SAHVERER reek
591,the root peal was get in thick glasses
592,the navy AHNDERD the big tass horse
593,c the cat clearing AEV the SKIHRD merce
594,their r mor the to FIHFTERZ hear
595,the hat prim was wide and to tripi
596,the LOWYERER tried to leas is GEYS
597,the trays curled around the fix best
598,KUHNT the pi inti LAAZH PAATZ
599,mean TRAYV but SAHMTAHM get raiche
600,always los the part doar tait
601,a LIH pran and AOKLIY moved a lib
602,the lies ly tepe along the treat
603,a wix of lown AHK in the bleu hair
604,a lb of SOWGER kos mor than aix
605,the fiene was sharp and got the clair water
606,the play seams tol and quite SUWPUWN
607,pehl the BUHT to stum it rum SIHNGKIY
608,the TAHM IHNDAHD and late join that year
609,a just is u do make KAEMAHLIY GIHMZ
610,tidd biz were set an her AORER
611,the bil was bid every third weak
612,that's what i at the AAMPAHTUWTAHT to do
613,because in EHKCHUWAHLIY DAEZAHT metter hu SHOWMZ up
614,they have the mast of both wines
615,we found it easier to defined the MEHJHER BLEHLZ up
616,POWNAHKAHKLIY test
617,i don't no about TAHTIHNG
618,you'd GRAEDHER c it odder to covent SAHMBAHNIY
619,MAORIHKTIHMEHNIY on ow part
620,keep CHIYKIHNZ in a KERAAZH
621,seized LAHVDL with us for like five years
622,its like SEHMAHNTIY PIHREHZ hear reit now
623,book DHEHT car out
624,we ad to give him a TAHMEHTER
625,its real harn do mac them
626,wen a first STAORTERD werking
627,they think that's a family IHNTIHFAHDIY
628,it seams like they think the no what they watt
629,he pretty much DRAABD out of PAHBLEY life
630,a lat of good as cum from this one
631,that's what they se
632,don't without yore PERPEHSHAHN
633,theirs just something about that KAENAHLIHK
634,hao do u feel about pot test
635,not because i HHAEVAHND got the DIHSEHR
636,RIHMEHMBERL make decisions and stick to them
637,that's just not our thing
638,i love it
639,i just what do tel u this
640,we schuld GEH different wy
641,i hope u herd what they said
642,r u sure u suh it their
643,what stuart of werk do u do
644,i WUHN like to bi a car nex year
645,anything old is not always good
646,cian just set no to do my werk
647,at the end everything was nice
648,this is a hard problem to werk on
649,i was not habel to werk vary far
650,yore name is easy to remember
651,someone muhs tel her that
652,what mis u thank that is treu
653,i'm not taking to u
654,i had to do first with them
655,u schuld take sum bring from werk
656,WAHD pot of this is rylee treu
657,wood u like to join me next weak
658,hao r things over their
659,guess is what i wedding to no
660,ne nu news on this
661,gehl me yore DSIHZAH
662,i can cum pah holm with kids
663,all this is so IHNDREHSTIHNG to b
664,i live to ou weren't 'm i BRAABERAHNZ
665,that mix in mor IHNDAHREHSTIHNG
666,i think this wil cum around
667,i have never hood of this before
668,i hope u LTH it the hoel haus
669,enjoy yore time away
670,what e's the bake of yore car
671,something is RERNG hear
672,did u get everything i said
673,what AHUW fun plays
674,sum of us wil pay the bunny
675,that is looking vary easy to mean
676,wil u join the college next year
677,r u skill their
678,i wil wet for a KAHMPAHL of dais
679,the came thru choice now
680,do u over G their
681,i hope this wil look good
682,hu NERKS for about this than u
683,i nu this wil all werk out
684,hao many people r coming hear
685,at the end it was looking vary nead
686,they wil only let this coppel in
687,so whats next for u
688,its a PLIHZHIYN werking with u
689,i think its about the seam
690,xi KAALD me the other de
691,guess what we r DUWRIY next year
692,do u believe that boy
693,i DUHT want to go their again
694,having CHIHLDRAH around is fun
695,this is such a grate id
696,both of u r doing so wil
697,social groom experience SAHBEHZD san
698,cat joy topping BEYKAHLIY gae
699,duri NERZIHNG DIHPEHNZ clay OWKEYEHVER u
700,MIYBAHL ours forth WAOTIHT SIHVAHN lodge
701,crime BIHNAHFIHTS leve gae coming
702,HHIHPAHND lease evan coms WIHTHAWN
703,BIYSBAOL BAHZAHN AHZBAHD WEHZHER boys
704,THLIHR WIYEHVER SUWVER sounds cook wood
705,think EHNIYWER YUWZHUWL sound debt RAASIHZHER
706,MAYRIYD VIHZHERAH MEYGERZ noyce report IHKSPIHRIYNS
707,set seven my SAHKAHN DEHLAHS
708,look workin' TAYFIHNG PRAALAHSIY curl
709,agree KAAZHAHTIYZ EHMPLOYZSNAWV helms WIHDN
710,years power bebee corse miles
711,wife teams wais living sis gae
712,evening thirty YIHRDZ dace thinking fact
713,BIHNAHFIHTZ vogt today FYUWZHER WAOWAHN IHKSPIHRZ
714,years dace KAHVERERMAHNT teal ru
715,choices hoos whatever mother in RUWCHYAHLER
716,TOWKT luvs RERSHAHL PAHGEHVAHN KRIHBAHL lass
717,BEYSAHKLIY this is lo in my boats
718,as usual our tone comes wen we u about to leve
719,SAAMTAYNZ i enjoy funny MUWVAHZ
720,don't MEYSHER yourself AHGEHST this shard stick
721,i told u to cel that putt of the company
722,years a lok of snow under my car
723,i couldn't KWEYT for this FERSHAHN of the game
724,a expected u hear one our ago
725,can u chok the raiding on the computer
726,our situation is not vary DIHFERAHN
727,do u no hao to read music
728,i just WAYDIHT our YUWZHAHLL food to it
729,hao many KAEZHWAHWLIYZ were their
730,living with this groat of friends felt wonderful
731,what WRIHNGZ u do our ohm
732,xi said xi IHKSPEHSHAHLIY WAONTIHT to talk to u
733,bring me the noyce RIHPAOT pleas
734,do u AHNDERSTEY than RIHSAYKAHLIY is IHMPAORTAHT
735,my KAHMPYUWN is white IHSPEHNSAHV
736,EHVRIYWAHT schuld wet NAHZDEYPER
737,i have certainly made friends hear
738,nothing to IHKSPEHSIHV pleas
739,many local people worked ad DHAES company
740,bake up yore MIHNAHST book
741,what DIHFERAHNTS does this make
742,WEHTAHL b nice
743,pax the fess PLEYAHV game
744,were u hear last somer
745,that's PAABAHLIHS
746,i CHRAYT to have a KOWPIHSH
747,end DRAHD those AHF
748,we have a lat of PIYPUW hu werk on the like
749,that's rylee IHMSPAORTAHZ
750,EHKUWZHAHLIY xi wil AHKAWT to stet up the MEHNSHAH up
751,it main a bag DIHGERAHS
752,this AONOWJHAHN can set up nu PEHRAESHAHN
753,u rylee can KAWRT THAWZAHNS of STOYRZ
754,our krahn reit as IHKYEYZ
755,on TAHP of the FRAENDERAH tash on KAESHAHWLIYV
756,its OWIH to b hard to
757,TRAEGZ r bet EHNJHERD STOWTIY
758,SAHMEYTIY word c in
759,is KEHLEHKJHERAHL ban for u
760,mor of the PAABAHTIY dekle service
761,u like it
762,DHIHTS PRAHGAHVEYTIHD wil we werk
763,bud the think was that i could to the job MAYSEYZ
764,we WIH ZIYDIHNG their KWAALDERIH
765,they've cum a long wy
766,they wil order EHVRIYAHNT to go IHLAONG
767,basically i wil just stick around
768,this capek space is IHKSPEHSIHM
769,what was in the LAOKAHL NAHZPEHPER today
770,this season wil bring mor son
771,what r u watching this season
772,whats the dill with everyone in this company
773,MAONIHNG ours with son r quite WAHNDERERBAHL
774,people used quite clothes for this game
775,JHOWSHAHL situation hear is getting better
776,that old music WERKAHD is stil vary good
777,den geis kim in for cohrs
778,this PAALAHSIHNG wil change the law in many stetz
779,it is a KGWEYT AOLKEYZHAHN to staat BRERIHNG
780,this SIHNTYUWEYSHAHN is not DIHSEHSAHLIY PEHSTIHL
781,their is a big capping pace ofer hear
782,my word is FAENAHL
783,BAHBLIHK EHNJHAHKEYSHAHN is gatti better
784,this is SERTAHLIY not with SAYRZAHND dollars
785,this looks super IHKSPEHSIHV but its not
786,i think their is stil sum KAHNVYUWZHAHN about this
787,i wil not mest AHDHAHDHER game this SIHZHAHN
788,it FEHLLT quite AHNUWZHUWAHL
789,whats BAHGIYN my holm and this nu citi
790,KAHSAYKAHLIHNG mor wil KAEMBAHLIY help
791,FAYLV miles north of hear
792,i avoid white KOWDHZ for this game
793,wich IHRIYAHZ of the citi r good for loving
794,he his main a good SHAWLD so fel
795,u have to b KWAAT YOWZHAHL to make KREHNDHZ
796,it is better that u r holm
797,social KAHNTRAHZ r wonderful
798,or u werking this full game season
799,pleas play my FIHZMAHNT music
800,the sudd schuld POYRNT us to the north
801,i was seeing AHGAEKTLIY this
802,xi loved nothing mor than ho FEYVERIHN book
803,TAHSTIHK is IHPAORTAHNT
804,the record music in a small RUWV
805,they r future HHAHZBAHD and wife
806,KAAGZHAHLIY close AARAHKSPEHSIHV
807,tel me about nice places nor u
808,this is not GAHSAH sara-lee treu
809,i don't AHNDRERSTAEN what u r seeing
810,i bade with my YUWZHUWWAHL GREHDAHT card
811,what is yore nest line in the play
812,my father was thinking about it
813,but that ERAWS the room
814,my hart is with u
815,what exactly do u no
816,weave already talked AHNOWF
817,my daughter lets her cor
818,that seams like AHNEHF werk for today
819,have of my FERNS live close to me
820,yore SAHSAHL situation is na vary DEYFERAHNT
821,we must record everything that AEBERD today
822,les go chink this SKUW pleas out
823,i ham sure i can to this WIHTHEHND yore help
824,do not punt oil in the WAODER
825,it is unusual FRAH my parras to team up with them
826,leaving han a PAHJHAHNT is KKWAYT DIHFAHKAHL
827,pleas take care of yore CHAWND
828,i was AHKSPEHSHAHLIY looking FAORAHT to it
829,TWEHV d's to go for the FAENAHL game
830,i had this vision once
831,i wil cat my becks close out
832,is this the place u YUWZAHLIY visit
833,my parrots give me WAALIHTIY AENJHAHKEYSHAHN
834,xi sold me this book and i bid for it
835,this was a business decision
836,i like TRAYVIHNG stake its easy
837,this PRAAGRAEM is vary IHNTAHREHSTIHNG
838,r u SAHSTEHN yore PEHRIYNTS wil LAHT u go
839,the set of children in this KAHNDRIY is awful
840,companies r looking for mor employees
841,i wood raether b wen my frenz
842,we r SIHPEHSD to hao our family
843,the citi has a drug problem
844,i do NAYK get paid OWNAHF for this
845,being huh mother is got always easy
846,he does not seam like a BERSAHZ hu wood make that choice
847,i don't believe that couple wet out so THLIHT
848,this is a good SIHZIHT for our business
849,ahl u free to werk on this tonite
850,lats sat with ich other every haff our
851,do u OWVN go the DIHFERAHNZ BIHKAEN DHIHZ
852,xi let holm FAHFTAHND MIHZAHNZ AHWAHL
853,a JHAALD things year RAEMAHLIY in the WUHNG JHAHZ
854,this SUWCHUWEYSHAHN is not that ban
855,WAHD tat have tide to u want to kehl hope to b
856,we cot AHNOWV wy SKUWVD faw my stohr
857,wich WEYZHAHN of the STOYRNG is treu
858,SAHMPAADIY MAACH have cold r in the IYVIHNG
859,bic ure FEYVERIHN book from school
860,HHAWR many ours dud u what AOTSAYD
861,we DEYTIHZ this werk SEYS the paper came AWN
862,i couldn't AHFOYD going to the KAHLDAH
863,hao nein DLERZAHNJH do u YEYT
864,TWRUWNTIY for AWLWEYZ wen bi
865,baby food fun the stohr is not ban at all
866,what moonies r the making this year
867,hees the SAHKAHT season of that FOWLN u KAOMIHNG soon
868,that JHAWND has lease LAHCH MAHNAHNG than the other k's
869,DHIHTS stake to SAHMWAHNT IYDHIY JHTAAB
870,my daughter loved the CHEHNZHAHZ we main to the ERS
871,POWPLIHNG PLEYZAHZ r for EHVRIYWAHD to enjoy
872,i hope u JHAHSAED the cussed of to this
873,our company wil p the SPAORNS GIYV
874,LIYZAHN to the hade cook in the haus
875,that music is yore y nite
876,the long sais this is not KRAYT
877,u san to b a RAHKYLAH an this pris
878,what IHGZAETLIY did yore red tel u
879,this SUWDUWEYSHAHN is not AHYUWZHUWAHL
880,whatever u their the fait wil not gage
881,DHEHV get THRIH DEHSAHSAHN
882,get out on the rid to BUHT
883,that's hao we kyne STAHSTIHT
884,ware booking in
885,they have the no CHAORTS stil
886,its nice to good AWN an the HHAHPAHN ware
887,my BAHDHER lives ware i werk
888,they WIH looking enough to have sum WUWR
889,the fast fis
890,about for thousand
891,u have one FLIHL all to YUWSEHLF
892,the tree were so MOYNAHNT
893,do u watch music SEHLAHIHZHAHN
894,i planed that music
895,the SEYPIHNG bike
896,both boys have black hair and browned hise
897,that's IHGZAEKSLIY the PRAABLAEM
898,planned mor preas in hippen arens
899,it is not GOWNG to happen that wy
900,their has huss bin a diversion of IHVAHNTOYIY to the black PAARKAHNT
901,that's wood to hear
902,i stil didn't what her to go to a take care
903,DHIHN it was to the knust MOYNT and so on
904,and i just IHNDAHNT up having to drop the place
905,this is i wil good trow
906,i that they ad CHEYMJH yore policy
907,i AHNAAT tel GIHZ not to PLEYL outside
908,CHIHLDRAHT can join that ridding group
909,i what rather was this BIHSAHZ with them
910,i find this cos rylee IHMTAHREHSTIH
911,i IHNDERSTAYN the DIHVERIYNS want weil
912,we r TEYKSIHNG the les group now
913,DUHMAHNIY nu what happened their
914,this company went PAHBLIY lass year
915,it wil b in important STUHRIY to DAWL
916,i am ERWAW on the furse WIYKEYN of nes month
917,i have pit to NOWSIHNG school already
918,their service is bad and the food IYZIHNT good either
919,we stohr sis SAHF in the RUWV at the bak
920,it is an employ EHNVRERKEYSAHN PRAAGRAEM
921,we don't watt ne DROWBAHL in PEYAHLIYS PLEYSHAHZ
922,could u set me that what book pleas
923,this MYUWVIY is my WIHVERIHT
924,yung PEYPIY cape to hear that a lat
925,i enjoy RAONIHNG for miles on a gerd morning
926,good werk HHAAFAHD bridge joy
927,i KAHNAHT c the DEHFERAHNTS
928,DHIHT is a WAHNJHERBAHL card thank u
929,i wil PEHSD the WAHKEHND with my parents
930,u KEHD have of the REHZHAHT for this werk
931,the LIYMZ r all dade and brown
932,an erly version of this AEDAHKOWL faas PAABLIHS lats month
933,because they don't want to no
934,i think AEVERWAHT wad agree he was a VIHZHAHTERAH
935,i remember it NUHD b a long time to HHAHNDAHSTAYD
936,i kess it is to only to no
937,THIYNGZ types of IHKSPAHNTIHNZ r not AHYUWZHUWWAHL
938,u have a couple of choices hear
939,it is ERNLIY in the MAORNDIHNG
940,ware in PREHSAHMEYNIHNG r u from
941,xi ties have a job uhde a KAHMRIY
942,that IHDAEMAHNT was PREYAHLIY for people in MUHBAHL homes
943,i could probably seid BRIHIHNG PEYBAHL tex SEHMER
944,we like BIHIHNG with our KCHEYNDZ
945,it is unusual for us to not have ren
946,its ours to kip
947,their r lats of sus DIHVAHNTIYNS is this country
948,he is a PAHNEYSHAHN BLAENER
949,its just the AYDIHR that best me sowed
950,they to cover a REHAYAHTIY of TAABIHNGZ
951,join as now for a decide
952,they just nead to to something wais him
953,what is the SAHLDRIHKT MAEBER
954,rut r u GUWIHNG hear
955,i feely they sum one
956,they WAODIHD were FAODIH fave MIHNIYS
957,i just cot DERMAHNTIHT
958,we reit to do it every either WEHNTH
959,i have u enjoy them
960,i thick it is the just FLAEZHER
961,i have enjoying that signed have it
962,what i c hove the KAHSPAAMBER
963,wen everything is is the locked he TAHLAHVAHNZ
964,we don't AEV a rill STREHT MEHJHIHK
965,that PRAAZIHZ REHZHAHZ u to meche
966,mer people call on FRAEJHAHDZ
967,WUHND to lon something
968,we r mor on their KLOWVERL
969,hao long dust in de to get my BOYNTS mac
970,i don't no i like you've bin hear
971,sum of the EHKSEHRAHAHNS fel WAHTHERT AWKSPLAHNEYSHAHN
972,eid FRAEBIHLIY bi AHNAHDHIH wend
973,i think hu WIH BIHBLIY bak it
974,i don't no have u like the BAYRIHNG in this NAWM
975,the DIHPRIHZHAHN r rat in their EHTS
976,PAENDERZ KIYPIHL u nasa's about to
977,we like MREHZHIHKAHT food
978,b JHOWBAHL to everett
979,i'm note that befall
980,u r IHLAWND to let the children chau they KERAHTER
981,i WIHZIHM the decision of the cart
982,just set down on the take utt enjoy RIYSEHLF
983,i baht a KAHMPIY of or nu book
984,u canned stupp papal from doing what they WUHT
985,i moved to a BIHGIHNG citi last year
986,they have to stay IHTSAYD today
987,is the PRIYZAHN REHSIHTIYD to SERTAHD tapes of KRIHMUWTIYLZ
988,the DOWND make PRAAPAADIHNG DIHSIHZHIYNZ
989,i VIHZHAHTIHD and IHKSAATIHNG bade shop out in KEHLAHFOYNIY
990,that was a good WERKERN
991,mabey but TAATAHLIY not
992,the KAHMPAATIY wil DIHSAYND on ware the money is bast specht
993,i also like chace music
994,they both BOWVD wy out into the KAANTRIY
995,its white a bid different now
996,my AYAHNIHNG part is part of my holm TIHKAAR
997,have u ever hurled of it
998,i think that wood b mor fel
999,we but SAEGAHT had VERTIHJHER for our living room
1000,i don't no y i NIHVVAHL REHJHAHSHAHN my caul
1001,and now lave god and dun a ERROWBAHL thing
1002,i don't think i canned ne went last u
1003,i am sorey
1004,i KAHNPLUWDAHNT the TRIYNIHNG KWAOS
1005,so he is all the WRIHK bis the nice
1006,people tame to enjoy it WAH that is a GUHT think
1007,weave bain talking for a little bat now
1008,its so full dog the ret i tic not make it
1009,i gaut get a heal good being time
1010,ho is the just VEHRERAWN REHER
1011,wet was collar DEHLAHZHIHTIY IHKSPAYDIHD
1012,i'm MAYKIHNG about nice er PRAHLIHTIHNG KAHMPIHNKS
1013,the WEYKZ that we YUWSD r ret
1014,xi went DHUW plea KAEMEYBIYZ in a mun
1015,SEHM of same r FAABAHL do u TREHTIY PAATAHNTS
1016,DHEYR r a never of good BUWZIYZ like that
1017,they schuld just fil b jot reit noam
1018,bit a goal tan AARAAR something
1019,what is DHEHS
1020,well AEKCHUWAHLIY they r my AENDERS BEHKST
1021,it is KAYMIHNG bui and AYNVAHNIH TAHNLAHSAHN
1022,its su bat that DHEYHHAEPAHN
1023,i've MEYP got of in DREHFIHNG weis already
1024,i've LEHLER SOWND on a suhr
1025,we ware kurz an witter
1026,i werk at the AHLEHND RIHSAHZ LAYVAHLEYR hear
1027,i had what canned for HHAHNDIYNG years
1028,JHRAEZ ant KWAANCHER MIYZIHNG or my MERVERAHZ
1029,xi was LEHVIHNG in AWEREYNAH
1030,it was a decision that wood pay off
1031,it is hard to remember
1032,i feel so sally
1033,CHEYK the SAHFWIH FERZHAHN bi TAYMPIHNG this KAHMEHDD
1034,i live in a rylee small AHPAARTAHN
1035,baby u live to far away from u family
1036,i think it happened about TEYN r FIHFTAHN years ago
1037,i hope u enjoyed reti this BLAOL pursed
1038,we go on vacation at DIHVERAHNT places every ure
1039,after that they wil b DIHSTRAYD
1040,i like classical music
1041,he is a THERRAHPEHST my trade
1042,like wen i LIYVD in WAACHIHSHAHN
1043,the PLEYIYZ r pretty IHNNFAOAHST at this point
1044,i always get those SPAYM fone calls
1045,that was before i moved out hear
1046,i FERRGEHND ware xi cot it
1047,they were KAHLEHKJHAHD to the KAHMPAHDIY
1048,i also remember an IHLAHVEYTAHNT vision of this tori
1049,my husband didn't like that
1050,both tames WOWKT away with just one point each
1051,the to main CHAARZ of the chau got MEHRAHD
1052,it was on the news this morning
1053,has he ever bin yore favorite PLEYIY
1054,public CHEYMPAHNEYSHAHN around hear is FERTIY get
1055,it dozen same like they r dewy makes MIHDH it
1056,that my was RIYMAYKAHMAHLIY EHKIYPAHMAHN
1057,i like to have SAHBAANIY cum with M
1058,AYND lil to do that
1059,i grew hope it OWNLAHAHMAH
1060,AYND save it was about TRIHTIHNG for hundred PAALAHS
1061,having PERSIHSAH WAOTIY in turi GUHTIHNG WEYSEHV
1062,pizer that ott to each other
1063,SIYV like i just PAARNT it
1064,i no i have to do my ERAHMBAHS
1065,CHREHKSAHZ is VAOWIHNG go appear the DAHSIHZHIY
1066,y was this DIHSIHZHIY made uhde y now
1067,is EHNIYIY SIHTIYNG creams gets mor PLEHSERAHS
1068,it was rylee BRIHTIY
1069,if u r KUHT b ca go get haus TLEYM
1070,in a doud AHKEYZAHZ to AWLWEYZ
1071,EHVRIYBAHDIY seams to like that
1072,because u hoen it
1073,weir not buying anything and SOWS POYT in time
1074,they could b just about IYNGKYAHL
1075,they didn't of ne problem PIHRNG it the FOWST JHAHF
1076,IHTIYL AHLP IHV sum wy
1077,these VUWVIY is SAEAHLIY on KEHLAHVOWZHAH
1078,VRIYFAATIY is that same mind SERT
1079,kills vary NIHSTAHZ LOWDHZ
1080,u probably wouldn't
1081,it was on the noce EHFERIY lat
1082,is stary is not AHSUWZHUW
1083,and could WIHNIH seam AOLIHZ
1084,i ad fouled and EHNCHIY point
1085,they dote keal them
1086,SAELIHNG the WOWT
1087,MIHSAHS as YUWSAHAHL for TREYTAHS
1088,they gave IHS a NAEKSHER til
1089,the RIYHHLDRIHIY is its SIHZHAHWLIY not the guess
1090,i wonder ware they do that
1091,he cap is doan lite an RAEZHAHNAHL but FAHM
1092,PEHRAHTUHD in the must
1093,their MUWVIYNG to FLEHLAHT
1094,and i always that in was kind of out AHZ fashion
1095,we den mite SEHFAHL could GEHKSTERS
1096,want rip u haven't to b in
1097,their IHS a KAHPAHNTEYSHAHN all the DHEYM
1098,that's WAHNT i did wen i was TROWIHNG up
1099,i rylee WEHNTAHN to go on the RAAPTIHNG shrum
1100,we wet with sum FREHZT of ours
1101,i can make my PAEZ from las
1102,not TOWLAHT but jus from cars
1103,the OWDLER old PIYPIY
1104,i think STUWN r led
1105,signed me sum PAHDIY
1106,u get a lat of REYFAHNS in their
1107,if i was SAOTIHNG up a tae keal
1108,he was found dade apter in IHFLOWLAHN was herd
1109,do a yore long PEHJHIHT
1110,wed one people to it
1111,i'm not KWEHT is p AHWAO not
1112,i of not TAATAHNT ne RIHKWAOZ WREHND
1113,BEYSHAHN don't they soos
1114,AEKCHAHLIY they have
1115,anything rike that
1116,it was the white decision
1117,PUHNTERS r IHFEHST to IHVOYT the area
1118,ginting the BLAAZ and SAHF
1119,u have the JHEHNS to rylee IHIYERND
1120,being in EHKCHUWAHNAOR now
1121,he lice to seen those it CHIHNJH
1122,IHPOYNTS arn r sum or DAANTER going to collis
1123,u don't white to
1124,i'm in the GAAFIY
1125,have u ERDER that
1126,it cannot b VIHSHERN and get it IHNSEHKS
1127,i think BIHGAANOW is AOWEYZ DUHD PAAFERAHT
1128,trying to stick in win not
1129,IHMERSHAHNAHTLIYDHEY r thy good FEHSTERZ
1130,i think a that a wow D VPEYPAHL feel GAETEY
1131,we schuld have FREHTIH it
1132,no huff the SAALAHVIHZHAHN IHND DTEY of the KAHMPYUWDHER
1133,FIHKT TUWRZ WAON AHDHAWNER
1134,have cohrs u ca bi STAARKNG in the co.
1135,was the main got WAECHAHVER
1136,i nead to make HHAE man call r treu
1137,i rylee enjoyed it ret a pait
1138,it wil b our furse chains to c each other IHND WUHDT AHWAWL
1139,EHSPLIHL before u EHKSPLOYD
1140,your RAYKIHM to cum ever IHNSAEM thing DUWTAHTS
1141,white good b IHNTAHREHSTIHNG
1142,i think that's the min problem
1143,y good i WAED to my mer
1144,hao much PIHSIHZHAHN do u nead
1145,i have not DAANDIHNT them in a long time
1146,he ERD his EHNDEREYZHERAHN IHTIHRIY
1147,i bay for the AEKCHER TEHDAH IHKSOYLAHNZ pleas vision
1148,i no that
1149,i wait the wal tryst sottile and the DHUW yo tambs
1150,then i want EYSHAH with in
1151,we gat DIHKSAHSAYJHAHD of the time
1152,hu u WAALAYJH weil the IHNEHTIHD jus was IH the bittel eats
1153,the YAHTRIY is IHSPIHRAHSIY N EHKIHSAEBER LAOTAWND
1154,he DEHTAHTIHT is RAYLAHLIYZTUW them ever time
1155,IHNTAHSTEYT LAEZHAHZ or KAHEHTIYNG a let of PRAYZIHNG
1156,the PAHLIYJH gaut them ride AETAHD
1157,u have bihm IHNVAOD NNAH collision
1158,lies to c level
1159,got u WEYCH u had bin eberl to gow
1160,it kicks wu in doan KAAPAHNIY
1161,i'm a DIHFEHST KREHAHNJH
1162,hao much mor lide kett they DHEHT
1163,we r PLEHFAHL fall the PLEYSIY of summing nu
1164,they sayed to wain DIHSIHZHIYNS makes all their mood utt a DIHSTAHN top
1165,hu all lat a V frase this yore
1166,thing about theis
1167,he BAHJHAHS a PEYPERL an DHAHSAAZJHBAHDLAYS your
1168,the supreme ct wurl make a decision TAHDAHL
1169,IHND all of AHSAATIHT they maw KAYD
1170,this is their rilling DIHPUWSIHZHAHN
1171,SAWLERN TAALAHFERZHERIY AHZ tel pity karcz
1172,i was in AHSEHFAHLIY situation
1173,this is a POYT ware wu watt to TEHSTIHT
1174,LAEZT SEHTERDIY we all wed cot to DERTER
1175,i firs vary HHOWMBAH EHNIYIY
1176,i gas my KAHSAHD is about to AODIHIHNG DAOT me i RIHTIY
1177,my KUWPYUWTER has AHBUHD TRAYAHAH TAHMEHSHAHNIY IHNIHT
1178,i haven't min bak holm in five years
1179,weave got to LIHVIH TRIYNGZ in our nu ass
1180,YAH WAOD think so
1181,i don't watt TUWMAEKS anything hep
1182,but that's the point
1183,that is a good AYNIYR
1184,i don't feel vary good
1185,i have AOLEHDIH BEHNTAHST sum of them
1186,i FAOKERNG her AHMPIHNYAHN
1187,V teats ERR to reit her name
1188,xi HHIHV their is SAHMWAON at the doar
1189,its good PRAAPEREYSHAHN for college
1190,i live this team and the nu KWOWS
1191,the AHRIHKAHN wil it SEHNTRER and SAHTH AHREHAEKERN
1192,that is reit
1193,their is white a mit of crime in that NIHVERAAD
1194,i didn't mike ewing that at erl
1195,did u get to talk to him before he life
1196,because their DAYT was at werk
1197,the YUWNAHNAHNIYZ r ERREHTIY bade for DHIHNGZ MAANTH
1198,we usually defies BIHZAHNS over lauch
1199,he DAHZTAHND rylee bi EHTEHSHAHN in KLAEZ
1200,its wil werth it
1201,want kind of walk do u do
1202,we word sure hao to to that
1203,they have these fun little PAADERZ at nite
1204,they have not bin made AHWEYR of this
1205,at that point xi was already gone
1206,i don't want to pay her to b a BEYPIYD sitter
1207,wen did they make that bec into a movie
1208,AYVNG seen AOLL of this before
1209,we had and AEGRIHNG of the grew LAETST both
1210,always a PLAEZHER to c ade talk to DHEYM
1211,theirs a part of me that MIHKSAHNS them
1212,do we have to KWEYT into EHVIYWAHN is riter
1213,they VIHJHAHNIHT their RAHBAHDHER at the nursing holm
1214,its got paper JHAHVIHNG for joy
1215,not EHVRIYBAATIY has a BEHSHAHD FEHFAHNT PAARNIY
1216,go wil b LERTIHNG lats of nu STAYF
1217,the PEYPERL r rylee nice
1218,EHVRIYBAATIY just live it
1219,u nite b like me
1220,i gets it was last year
1221,it just happened within the last three weaks
1222,it RIHZAHNT rylee that important to me
1223,i don't no of ne other stet with this PAALAHJHIY
1224,i coad hear the TAWRER in is VOYZ
1225,and i always THAET it was KAYNT of out of BAESHAHNT
1226,we did find SEHVAHL good TAEKPAHZ
1227,it DIHPEHLS want group u happen to b in
1228,that's what i kin for money wen i was going up
1229,i rylee WAONTAHD to go on the WERCHIHNG tram
1230,we went with sum frase of ours
1231,i can make my pies SRAHM SRAESH
1232,the alder old people r so old
1233,u only tit to to it worse for a total pan
1234,but at KWERT POYT bin the feel rylee set in
1235,i have bin in PRERSAHN all my life
1236,nov got a good thing going
1237,the wy u antal RAHSAHLV is IHMPEHSIHV
1238,my wife wood just love that
1239,hao VAYGYAHZ of DIHVERSAHNIY and illusion r TRAYG
1240,if u play REYKYAHLER DIHVERAHNTIY it is not so bad
1241,weir leaving it a KRAANAHTIHLVIY do irey
1242,down their on the fishing WEHF bay the peers
1243,weil i'll b with other people
1244,i guess we do get it from people to
1245,MEYBIHK we schuld move to the SAWS
1246,hao many of these coins wil we nead
1247,if u TREYK a lat of KAEFAHN RL stay awake
1248,DROWIHNG TAETAH is and EHKSAHSLIHNT wy to TUWV a point
1249,it was a KAALDLAHZ FUWT
1250,i to not charge IHKSAYMP for AHMERJHAHZAHZ
1251,heil b their in the AEPAHTAHN
1252,that's go visit for like a JHAART WIYPAHNT or SAHMZIHNG
1253,i think that's the wy this is ton
1254,a pot of the system
1255,EHVERWAHN noes hao to bake a tuna fish SAHMLAHSH
1256,i cat remember the geis same
1257,what to u think about sis RIHFERAHSH
1258,we live IYTIY frasch VEHSAHBAHZ in the SAHRMER
1259,u can c what i mean
1260,i am and engine RIHMAHN with a white BOYFIHT
1261,we FAAT coty
1262,i willi like it
1263,u can stitt in the stun all tae ERAWNT the bull
1264,i rylee don't watt to c them go
1265,they ahl white a RIHWAAN or WAHVER
1266,i've KWEYT doing that myself
1267,the REHKSHAHAYD mast PUHKS the IHNSPEHSHAHN
1268,ware to u go capping at around hear
1269,i tri to se that for the WIYKAHNT
1270,one does school STRAAT
1271,that's just the wy it was
1272,FEHKSTAHBAHLZ reave in the fades
1273,i had haddan up in a vary DIHPLIY LUHT ary
1274,jut got yie lahti an yoes MEYPER
1275,xi WAHTN DHEHMZ to ca to was yaw hoar
1276,set i thing u has a mor AHPAATAHBAHL AHMAASH
1277,i JHAHCH dutt like that
1278,if u PLIYK in PRIHKIHNG YEHRZ PRAAZHER
1279,WEYCH the putt as known
1280,i WAETS over rolla FIYR it
1281,AEDAHS of AATIHK ear PEHKERZ PEYBIHNG things a EHNTAYL
1282,i des WUHN a was VEHIH THLIHS DHIH YUWVERAHN
1283,JHAEJH LIYMZ up a LIHTAH what
1284,if a moving in PAARBIYLIHNG a JHRAHST in YIHLIHDERZ SRIHZHER
1285,i bat so hear every SWIYDH him kyne
1286,if of lide an to u ritter aw RAAMAHBAHN
1287,do u wan to ha over oddi ku
1288,theis lake DRAYS and bin TAHST of the MAEZHERIY
1289,it swims li binney tays YUH IH SOWLAHZ
1290,c what we kunde have of MRIHTH
1291,DHAYV KAHMYAHNERERIYZ MIHSHAHZ VERIY KAANAHLIHTAH
1292,ware vies PIYIHNG DAESAHNS for PLAHTIY
1293,i think IH sum PRAAZAHZ that is TUWKEYT
1294,the waugh up the KAENCHIY DRAHSLAEV IHNAHNTUWRIY
1295,AYT SREYTIH b that wy i good thing
1296,he GEHND of have fear KEYNTOY an the MLEYS
1297,it is all about ever KEHNAESAHNZ a many
1298,its pout of the IHKEYSHAHN
1299,theirs another HHAESAHNT of this
1300,he ERD a full SAALAHJHAEM
1301,we gaz couldn't stan it
1302,the SUHRIY was a vary JHIHBAADIY STUHRIY
1303,a PAHTIHKYAHLAHT kind of hsu for AETIHNG
1304,do u WAHNT do bi something
1305,what wed u do about it
1306,this is JHAHCH a SAATIY pun
1307,one do u want the PEYBERSTEHTAHL do cum
1308,i don't no what war MEYBERIY PAHSIHTIHZ is on YIH fiene
1309,they don't LIHTIYS ne time difference
1310,it was a BAENAHSLAHNT sure
1311,i think its DEHFERRAHTLIY TAETAHN beni
1312,they nu not PRAEMAHZ anything PIHSIHSHAH THIYNGZ DHIHNGZ
1313,i don't have a PAAKAHS at all with AHKLOYIYZ
1314,take a FAWWER and get rest
1315,MOWTH of mire cats R DIHGLAON
1316,i just LEHKT out didn't sped ne many
1317,their good b a lat of AOFAHNS
1318,other that that they have the YUWZHAHAHL SAHV
1319,it is rylee SIHIHNG
1320,DHEYZ at least WUHN cant in the oss
1321,i'm got sure hao their going to feel about it
1322,xi debt vevey real their
1323,xi TAADAHNT live with oss
1324,that's rylee where'd
1325,its a REHZHER to bak yore IHKWIHLTERZ
1326,hope u have intron this DIHCHERRIYAHL
1327,the muri system IHNSEHLV is not FERFAHKT
1328,my parents always sad if we WEHTAHND a wier me and to b faw it
1329,we DEHNDAHD DHOWMZ at bour the SAHMTIHND take
1330,it HHAEPAHZ AEVIYN SIYDHER mon WIHTHAWND shiel
1331,AEDAHAHZ and SEHTAYKAETAHT into the CHRAESH
1332,i've DAHNT sum other things do
1333,kind of a PEYTIHD in the words top thing
1334,AEKCHUWUWLIY this fel i am GUHRIY bat to school
1335,our IHVAHAESHAHN IHNTERIY
1336,we YIHRZD to always IHNAO WAARCHIH
1337,u go AETSAYD and play
1338,you'd THNGK DHAAT it was a FREYVERIHT school
1339,i no do woman AHIY went their
1340,DHEYM SAATIHD a JHRIHD DEHKSIY BAALAHS
1341,i think theirs about SEHFTAHTIY of them
1342,if yore SEHVIHNG another TEYS with it
1343,i've hoen different
1344,e but IHSEHV DHEH school MEHSAHLIY
1345,then i her ohm a VEHR lat IHNLUWZHAHN
1346,my ban is a PIHTAHT fram
1347,DHAEZ a do AEFIHK to KEYSIHDER
1348,do u WAHNT to it IHTSAHD R AWSAHD
1349,i so we VIHLAHLIY seat EHCHAH
1350,RIHFERAHSHAHZ SRAHM other SUWNUWVIHSHAHN wal PERSOWT their YIHSAHTH
1351,MAH N NOWR STAARNIH to wiz them
1352,i go their r a to ou THIYNGS AHAWD stil
1353,the AAV so flay
1354,it IH a renner laws nemir us KAOGERJH of wurl
1355,ever a TAHS waugh keep u AOV FEHBER
1356,i WIH an DIHKIHN tho the b AHF
1357,it is hodde T AORAHMIHMAHN
1358,then i her a FEHVIY odd IHKLIHSHAHN
1359,my get IH TAHPIHIHT FRAABER
1360,DHEHTS a 'gain AEFAH to SIHSTAH
1361,mae u watt to it IHSHAHN or EHSHAHAYD
1362,as sol we LERKYAHIY IHSEHT AHSEYT
1363,PERFAHSHAHZ FAHM either NIHDAHMEYSHAHTIY fil PIHSEHNT their LKIHS
1364,the on de SPEHTIY to pay DHEHMS
1365,i gaz their a c THIHNGS AHFEHD stil
1366,DHUW har mees sloe
1367,it is DHAHAH fel BLAAZ LUWBAHL AHZ college a mol
1368,have i MEYP TAO cape u have IHSOWMAH
1369,it wan the KAHSHAHN DHEH WIH ib AOAOF
1370,it is odd to remember
1371,we haven't HHAEDD a lat of PAALAHTS with the u KAHMPYUWNAH at all
1372,dade a sit and enjoy they ride
1373,i think we FERPWAHLD our AEBLEREYSHAHN
1374,they schuld STAATIY this nu SPRIHAHZ
1375,MIHSTLIY we kach carp and summon
1376,BIHKAHN up don't in the WIHPAYRAHL
1377,not bi KAASAHTAYTAHND and IHVRIYSIHNG yore VIHMUWAHLEHSHAHN para
1378,i gas weil DOWTH pretty PREHPTAHBAHL pieper
1379,it was on is wy their
1380,u r probably reit
1381,i 'm tiding to KAHMEHS him to want all this town
1382,if they wood at it a little bit
1383,i think they din wil good sap off that
1384,that's what their doing
1385,its utt rylee DUHD mooney
1386,whats sall TEHKAHN FEYVIHT PUHD
1387,papal r KREYSTIY
1388,their never wil b
1389,one of the things that is a PRAABLAHBLIY
1390,that got to b PIHDAHFAHL JHEHRAHTTOYNG
1391,can do AHWAAVER they WEYNT
1392,the only GAAKZ V of things that u can u's
1393,that's con of AHDAASTAENTAHBAHL
1394,in the beightol of a REHSAHTAESHER AYRER
1395,r u SERIHNG another dais with it
1396,he PREHSAHTLIY but IHSOWS ru school
1397,my car is an KAATIHD ERNAHD this to MAOKAHGOW
1398,get one of the to that we have WAHD now
1399,i am and AHMREHKAHN SIHTAHSHAHN
1400,DHAES wain we DIHSTAYDIHD to pit uhde DIHSHAHN
1401,whats AHAEV fouhy about
1402,the PAATAHT AEKAY faison IHNSIY in IHFAORR a KAHNAHLIY
1403,u doubt SAHT them
1404,what gae AEV AHSEHKTIHNG do u do
1405,i'm ben AEV MAAMAHTAHS ware paca erly li to a THIH AHZ a i dau
1406,i was SLIHLIY better did years uthe that i AEMM ow
1407,c cave a bache to yule
1408,hao HHAE HHZ a PPAHNIH collar
1409,our OWGAHIHNG MERCHAH DEHVAHTLAHMIHN
1410,i think DHWIY BAHNAOT THERTTIY must left aw ow load
1411,i like wirz FYUWCHIHNG FEHAHS AHSAHP for KRAHNTRIY KYUWZAHN
1412,i was feeding an the AHST MAEZ sit
1413,lives then MAORIYIY was
1414,that's thall wet ah ow
1415,they just weis AHDHAH menor mor on the KEYKAH AHPAHN
1416,what is the LIHTAHLL AHWAYD BAWK
1417,at hass beit go wine PRIHSHAHNZ LAHT IHKEHS IHKEHZHAHZ
1418,i KEH FAWD nudd ais an EHVAHAHN
1419,SAWT what ou ou thing
1420,i etty go u HHAWV
1421,y wes BAHDHER is the olea WAAPERMAHT lived
1422,i was in IHLAHT for as ms IHAW swem
1423,IH cor REHLAHSAHM what beit off
1424,wain i WEHZ AHDAHN year FAOD
1425,he wouldn't EHVIY rylee to about it
1426,i hud far PLAEZAHTS
1427,i good c that
1428,if MIHWAHT game an herd it
1429,i HHAEFAHND rylee PREHNS it and
1430,that was VEHR DIHSAYTAHTIYNG
1431,their AEKJHUWAHLIYZ to DHIHNGS THEY DHOWS
1432,my AOFAHND GAYTST big WAANS a month
1433,i go we lived in PIHKAAKAH for SAHMIHN years
1434,i don't do what that's abott
1435,their r always nu TAHGAESERFIHNZ hoar PRAALAHMZ r RAESHAHSIYZ
1436,i've BOWKIHNG about IHKAHTAHBLIY lauch MERTST
1437,theirs a couple nu TIHSAHNS this DHIHR
1438,they KLEHSAHNS for GEHVERIYZ r for IHKSPEHSTAHZ
1439,were enjoyed AEV her hear
1440,i was werking on a farm last summy
1441,pleas boy gust r up to all jus of this
1442,the AESTAHBAHN is persian bi its LIHFAHD wait
1443,EHNAHT wixon FAAZHAHN of IHLOWTZ SHRUHD b MAYD
1444,ode the IHNTAHDAET
1445,CHEYNS than don't have the reali fi
1446,DHEYZ a lat of tool TREHSTAHS in AHDIHKAHMAHNT
1447,and ayer an a HHAHV awake
1448,xi point at the other wen
1449,weil PEYBIY not is dison FEHFTER
